Name,en-US,zh-Hans
Creating date,Creating date,新建于
Uploading date,Uploading date,上传于
Directory is empty,Directory is empty,空空如也
"Your e-mail is not registered in POYA yet, register it Now","Your e-mail is not registered in POYA yet, register it Now",你的邮箱还没有注册 快注册吧
Modifying,Modifying, 更改
"We have sent a confirmation email to you, you can login after confirming it (Didn`t you get the email? check it in spam)","We have sent a confirmation email to you, you can login after confirming it (Didnt you get the email? check it in spam)",我们已经发送确认邮件到你的邮箱，请查收 （找不到？看看垃圾箱）
"If you use our services for the first time, you can view our Privacy Policy and service statement","If you use our services for the first time, you can view our Privacy Policy and service statement",如果你第一次使用我们的服务，你可以查看我们的隐私政策和服务声明
Move,Move,移动
Copy to,Copy to,复制到
Move to,Move to,移动到
Message,Notification,通知
POYA Message,POYA Notification,通知
Complex extent,Complex extent,复杂程度
Optional,Optional,可选
Custom classification,Custom classification,自定义分类
Your articles and videos,Your articles and videos,文章或视频
Description,Description,描述
Link,Link,链接
Insert code,Insert code,插入代码
IllegalityType,Illegality type,非法类型
Insert,Insert,插入
col,col,列
line,line,行
Initial,Initial,初始
large,large,大
x-large,x-large,中大
xx-large,xx-large,超大
normal,normal,正常
small,small,小
x-small,x-small,超小
Font size,Font size,字体尺寸
Font color,Font color,字体颜色
Align,Align,对齐
Image link,Image link,照片链接
Image url,Image url,照片链接
Upload image,Upload image,上传照片
Table,Table,表格
background color,background color,背景颜色
unordered list,unordered list,无序列表
ordered list,ordered list,有序列表
List,List,列表
Sina,Sina,新浪
Right,Right,右
Center,Center,中
Left,Left,左
Paragraph,Paragraph,段落
Type details,Type details,详细. . .
Place an advertisement,Place an advertisement,刊登广告
Your data,Your data,你的数据
Your license images,Your license images,你的执照
license image,license image,的执照
privacy_policy,We promise and guarantee that your personal information will not be unlawfully infringed and we do not use your personal information and traces of this site for statistical analysis and data science and you are required to comply with the laws and regulations of your country or region when using this site,我们承诺并保证你的个人信息不受非法侵害我们也不会将你的个人信息和在本站的痕迹用于统计分析和数据科学你在使用本站时请遵守所在国家或地区的法律法规
Current password,Current password,最近使用的密码
The {0} must be at least {2} and at max {1} characters long,The {0} must be at least {2} and at max {1} characters long,{0} 的长度要在{2}~{1}之间哦
New password,New password,新密码
Use a local account to log in,Use a local account to log in,使用账号密码登录
Chat With Friends,Chat With Friends,和朋友聊天
Free Storage Space,Free Storage Space,剩余的存储空间
Services and Help,Services and Help,服务和帮助
Youll enjoy,Youll enjoy,你可以享受
Personal Article Publish,Personal Article Publish,手机号码
Welcome,Welcome,欢迎
Here is your WenShan University Disk,Here is your WenShan University Disk,记住密码
Thank you very much,Thank you very much,非常感谢
Home Page,Home Page,主页
Donate,Donate,捐献
AND MORE,AND MORE,更多. . .
click here to log in,click here to log in,点击登录
Error,Error,出错. . .
Reset password confirmation,Reset password confirmation,重置密码确认
Your password has been reset Please,"Your password has been reset, Please","n你的密码已经被重置, 请"
You have successfully logged out of the application,You have successfully logged out of the application,退出成功
log in with a recovery code,log in with a recovery code,使用恢复码登录
Log out,Log out,退出
Your login is protected with an authenticator app. Enter your authenticator code below,Your login is protected with an authenticator app. Enter your authenticator code below,Your login is protected with an authenticator app. Enter your authenticator code below
Dont have access to your authenticator device? You can,Dont have access to your authenticator device? You can,Dont have access to your authenticator device? You can
Two-factor authentication,Two-factor authentication,Two-factor authentication
Disk,Disk,网盘
WSUDisk,WSUDisk,文山存储
An error occurred while processing your request,An error occurred while processing your request,处理请求的时候发生异常
Select files,Select files,选择文件
Upload,Upload,上传
Details,Details,详细
Upload files,Upload files,上传文件
Your directory,Your directory,你的目录
Save,Save,保存
Index,Index,索引
Privacy Policy,Privacy Policy,隐私条款
Edit,Edit,编辑
Login,Login,登录
Home,Home,主页
Are you sure you want to delete,Are you sure you want to delete,确认删除 
Delete,Delete,删除
Delete directory,Delete directory,删除目录
Create directory,Create directory,创建目录
Details of,Details of,详细: 
You do not have access to this resource,You do not have access to this resource,权限禁止
Access denied,Access denied,访问禁止
Confirm email,Confirm email,确认邮箱
Register,Register,注册
Thank you for confirming your email,Thank you for confirming your email,谢谢你确认邮箱
account,account,account
Associate your,Associate your,没有验证的设备? 你可以
Please enter an email address for this site below and click the Register button to finish logging in,Please enter an email address for this site below and click the Register button to finish logging in,Please enter an email address for this site below and click the Register button to finish logging in
Youve successfully authenticated with,Youve successfully authenticated with,Youve successfully authenticated with
Enter your email,Enter your email,输入邮箱
Forgot your password,Forgot your password,忘记密码
Reset,Reset,重置
Submit,Submit,提交
Locked out,Locked out,锁住
This account has been locked out please try again later,This account has been locked out please try again later,"账号被锁住了, 请稍后重试"
Log in,Log in,登录
Delete file,Delete file,删除文件
Register as a new user,Register as a new user,注册
Larry,Larry,Larry
Privacy,Privacy,隐私条款
Create,Create,创建
Back,Back,返回
for,for,for
Logout,Logout,退出
Forgot password confirmation,Forgot password confirmation,忘记密码确认
Reset your password,Reset your password,重置密码
Please check your email to reset your password,Please check your email to reset your password,"重置密码邮件以送出, 请查收"
An error has occurred the engineer is on his way,An error has occurred the engineer is on his way,"出错了, 工程师正在赶来. . ."
Password,Password,密码
The new password and confirmation password do not match,The new password and confirmation password do not match,两次密码不匹配
Confirm new password,Confirm new password,确认新密码
Verification Code,Verification Code,验证码
Email,Email,邮箱
Phone number,Phone number,手机号码
User name,User name,用户名
Remember me,Remember me,记住我
Authenticator code,Authenticator code,验证码
Directory Name,Directory Name,目录名 
Content type,Content type,Content type
Confirm password,Confirm password,确认密码
Recovery Code,Recovery Code,恢复码
Remember this machine,Remember this machine,记住我
Date of upload,Date of upload,上传时间
Size,Size,尺寸
Is shared,Is shared,被分享
Date of create,Date of create,创建时间
File name,File name,文件名
its length is 0,its length is 0,长度为0
Upload successfully,Upload successfully,上传成功
Reset password,Reset password,重置密码
Upload unsuccessfully,Upload unsuccessfully,长传成功
Root directory,Root directory,根目录
Prev directory,Prev directory,上一级
Add directory,Add directory,新建文件夹
Copy file url,Copy file url,复制地址
Manage your account,Manage your account,个人中心
Change your account settings,Change your account settings,更改设置
External logins,External logins,第三方登录
Personal data,Personal data,个人信息
Change password,Change password,更改密码
Update password,Update password,更改密码
Delete Personal Data,Delete Personal Data,删除账号
Deleting this data will permanently remove your account and this cannot be recovered,Deleting this data will permanently remove your account and this cannot be recovered,账号会被永久删除并且不能找回
Delete data and close my account,Delete data and close my account,删除数据和账号
Profile,Profile,个人信息
Send verification email,Send verification email,发送验证邮件
Download Your Data,Download Your Data,下载个人信息
Download,Download,下载
Personal_Data,Personal Data,操作
Your account contains personal data that you have given us. This page allows you to download or delete that data,Your account contains personal data that you have given us. This page allows you to download or delete that data,你的个人信息都在这里哦
Create a new account,Create a new account,注册你的账号(^_^)
Confirm your email,Confirm your email,确认邮箱
Please confirm your account by,Please confirm your account by,快来确认邮箱吧 
clicking here,clicking here,(^_^)// 点我
Your e-mail is not registered in POYA yet register it Now,Your e-mail is not registered in POYA yet register it Now,你的邮箱还没有注册 快注册吧
Unable to load user with ID,Unable to load user with ID,用户加载失败. . .
Your password has been changed,Your password has been changed,更改密码成功
Password not correct,Password not correct,密码错误
Unexpected error occurred deleteing user with ID,Unexpected error occurred deleteing user with ID,删除账号时发生异常了. . .
Unexpected error occurred setting email for user with ID,Unexpected error occurred setting email for user with ID,设置邮箱时发生异常了. . .
Unexpected error occurred setting phone number for user with ID,Unexpected error occurred setting phone number for user with ID,设置手机号码时发生异常了. . .
Unexpected error occurred setting user name for user with ID,Unexpected error occurred setting user name for user with ID,设置用户名时发生异常了. . .
Your profile has been updated,Your profile has been updated,你的个人信息已被更改成功
Verification email sent. Please check your email,Verification email sent. Please check your email,邮箱已送出 快去看看吧
Your password has been set,Your password has been set,设置密码成功
The password and confirmation password do not match,The password and confirmation password do not match,糟糕! 两次密码不匹配 再试试吧
Upload one or more files(less than 10M per file) using this form,Upload one or more files(less than 10M per file) using this form,选择你要上传的文件(可选多个文件哦! 每个文件限10M 在跟进哦! 谅解一下)
Your disk,Your disk,你的网盘
Please reset your password by,,_ 
Invalid login attempt,Invalid login attempt,登录失败了. . .
We have sent a confirmation email to you you can login after confirming it,We have sent a confirmation email to you you can login after confirming it,用于验证身份的邮件已发送 去确认它然后登录吧
User name is used make another choice,User name is used make another choice,用户名被使用了 试试其它的吧
Your email is already registered in POYA log in Now,Your email is already registered in POYA log in Now,你已经注册了哦 登录吧
Request sharingcode of file,Request sharingcode of file,共享密码
GET FILE,GET FILE,获取文件
Type sharingcode of file here,Type sharingcode of file here,万水千山总是情 要输分享码才行
Light,Light,白天
Dark,Dark,夜间
More,More,更多
Care,Care,护眼
zh-CN,中文,中文
en-US,English,English
Share,Share,分享
Tell something to your friends,Tell something to your friends,还要对你的朋友说什么吗?
Token,Token,口令
Date of finish sharing,Date of finish sharing,结束分享的时间
Tell your friends,Tell your friends,告诉你的朋友
Date of download,Date of download,下载的时间
Feedback,Feedback,反馈
Share your file or directory,Share your file or directory,分享文件/目录
Date of sharing,Date of sharing,分享的时间
Unlimited when set a previous date,Unlimited when set a previous date,时间小于今天的时候将是不限制的
Its public if token is empty,Its public if token is empty,没有令牌的文件是公开的
ID of file or directory,ID of file or directory,文件或目录的ID
The files and directories you share,The files and directories you share,你分享的文件和文件夹
Your sharing,Your sharing,你的分享
Enter token please,Enter token please,输入令牌
Get file or directory you friend share,Get file or directory you friend share,获取你朋友分享给你的文件或文件夹
Get it,Get it,获取
Get file or directory,Get file or directory,获取文件或文件夹
Enter the ID of file or directory,Enter the ID of file or directory,输入文件或文件夹的ID
The {0} should be more than {1} and less than {2},The {0} should be more than {1} and less than {2},{0} 应该在 {1}~{2} 之间
The {0} is required,The {0} is required,{0} 需要填哦
Type your email here,Type your email here,输入邮箱
Type your password here,Type your password here,输入密码
Type your password again,Type your password again,确认密码
The engineer is trying to solve the problem of the size of storage space,The engineer is trying to solve the problem of the size of storage space,稍等一下哦! 工程师正在解决储存空间大小的问题
If you use our services for the first time you can view our Privacy Policy and service statement,If you use our services for the first time you can view our Privacy Policy and service statement,如果你第一次使用我们的服务的话你可以查看我们的隐私政策和服务声明
Learn More,Learn More,去看看
Accept,Accept,接受
Sharing,Sharing,分享
Get,Get,获取
ID,ID,ID
Tip,Tip,提示
Finishing date,Finishing date,结束时间
Sharing date,Sharing date,分享时间
_Name,Name,文件(夹)名
Copy,Copy,复制
My sharing,My sharing,我分享的文件
The Sharing,The Sharing,分享的文件或文件夹
Oops... cant find the file or directory you friend share,Oops... cant find the file or directory you friend share,哎呀. . . 找不到文件了
Shared file,Shared file,分享的文件
Shared directory,Shared directory,分享的文件夹
DOEnd,DOEnd,结束分享的时间
file,file,文件
directory,directory,文件夹
Share your,Share your,分享你的
DOShare,Date of sharing,分享时间
The files or directories you share,The files and directories you share,你分享的文件和文件夹
Get directory or file shared from your friend,Get directory or file shared from your friend,获取分享内容
FoDId,FoDId,ID
Get {0} shared from your friend,Get {0} shared from your friend,获取到{0}
(^_^) You are rebot maybe! take a rest please,(^_^) You are rebot maybe! take a rest please,系统检测到你可能是机器人 所以让我们先休息一下
This directory is empty,This directory is empty,文件夹为空
Basic Profile,Basic Profile,基础信息
Your data. . .,Your data. . .,你的数据
View shared file or directory,View shared file or directory,查看分享的文件和目录
Your info,Your info,你的信息
Your information,Your information,你的信息
Your avatar upload successfully,Your avatar upload successfully,头像上传成功
An error has occurred. . .  engineers are on their way,An error has occurred. . .  engineers are on their way,出错了工程师正在赶来
Oops.... the size of avatar should be less than 1M,Oops.... the size of avatar should be less than 1M,头像应该小于1M
Add dir,Add dir,添加目录
View,View,查看
Storage,Storage,存储
New,New,新建
Name,Name,名称
Date,Date,日期
Birth date,Birth date,出生日期
Overt,Overt,公开
Hobby,Hobby,爱好
Your hometown,Your hometown,家乡
Your address,Your address,联系地址
Marital status,Marital status,婚姻状况
Graduated from,Graduated from,毕业自
Occupation,Occupation,工作
Your storage,Your storage,你的存储
EduHub,EduHub,教资
Developers,Developers,开发者
Select file,Select file,选择文件
Root,Root,根目录
Last,Last,上一级
Article,Article,短文
Add,Add,添加
Just me,Just me,只看我的
View all,View all,全部
Set password,Set password,设置密码
your article,your article,你的短文
Are you sure you want to delete {0},Are you sure you want to delete {0},确定要删除 {0}
Write your article,Write your article,写你的文章
Forget password,Forget password,忘记密码
Access to knowledge in an infinite number of ways,Access to knowledge in an infinite number of ways,获取知识的无限种可能
The feasibility of knowledge dissemination,The feasibility of knowledge dissemination,传播知识 势在必行
A little spark can burn down the whole prairie,A little spark can burn down the whole prairie,星星之火 可以燎原
Another way of presenting knowledge,Another way of presenting knowledge,呈现知识的另一种方式
Another solution for rendering knowledge,Another solution for rendering knowledge,呈现知识的另一种解决方案
The attachments of this article,The attachments of this article,文章的附件
The attachment of this article,The attachment of this article,文章的附件
Upload videos for your article,Upload videos for your article,添加视频
Upload attachments for your article,Upload attachments for your article,添加附件
Select video,Select video,选择
Select attachment,Select attachment,选择
\u6570\u5b66,Mathematics,数学
\u6570\u5b66\u53f2,History of mathematics,数学史
\u5730\u7403\u79d1\u5b66,Geoscience,地球科学
\u6c34\u6587\u5b66,Hydrology,水文学
\u7ec4\u5408\u6570\u5b66,Combinatorics,组合数学
\u79bb\u6563\u6570\u5b66,Discrete mathematics,离散数学
\u81ea\u7136\u79d1\u5b66\u76f8\u5173\u5de5\u7a0b\u4e0e\u6280\u672f,Natural science-related engineering and technology,自然科学相关工程与技术
\u751f\u7269\u5de5\u7a0b,Bioengineering,生物工程
\u8fd0\u7b79\u5b66,Opsearch,运筹学
X-DOVE,X-DOVE,X-DOVE
Write,Write,发布
Click to your sharing,Click to your sharing,点击跳转分享
Total,Total,总共
Used,Used,使用
Press ENTER to save,Press ENTER to save,按ENTER就保存了
My EArticle,My EArticle,我的文章
Change cover,Change cover,更改封面
Add your earticle set,Add your earticle set,添加一个分组
Comment,Comment,备注
Label,Label,标签
Title,Title,标题
surplus,surplus,剩余
Select files you want to upload,Select files you want to upload,选择你要上传的文件
Rename,Rename,重命名
Also copy,Also copy,+复制
Also move,Also move,+移动
Edit for,Edit for,编辑
Select a directory,Select a directory,选择文件夹
Buzz,Buzz,热度
Time,Time,时间
The content of the article should be more than 20 characters,The content of the article should be more than 20 characters,文章的内容至少应该20个字哦
Publish,Publish,发布
The story of the development,The story of the development,开发的故事
The story of the developers,The story of the developers,开发者的故事
Uploaded successfully,Uploaded successfully,上传成功
The system detects that you may be a robot,The system detects that you may be a robot,系统检测到你可能是机器人 所以让我们先休息一下
The extension of the file can only be jpg jpeg or png,The extension of the file can only be jpg jpeg or png,文件的扩展只能是jpg jpeg 或 png
Date of creating,Date of creating,创建时间
Create directory in {0},Create directory in {0},在 {0} 新建目录
The file is selected,The file is selected,这个文件已经被选择了
Reading,Reading,正在读取
\u4fe1\u606f\u4e0e\u7cfb\u7edf\u79d1\u5b66\u76f8\u5173\u5de5\u7a0b\u4e0e\u6280\u672f\u5176\u4ed6\u5b66\u79d1,Information and systems science related engineering and technology other disciplines,信息与系统科学相关工程与技术其他学科
\u5de5\u7a0b\u4e0e\u6280\u672f\u79d1\u5b66\u57fa\u7840\u5b66\u79d1\u5176\u4ed6\u5b66\u79d1,Engineering and technical science foundation discipline other disciplines,工程与技术科学基础学科其他学科
\u9884\u9632\u533b\u5b66\u4e0e\u516c\u5171\u536b\u751f\u5b66\u5176\u4ed6\u5b66\u79d1,Other disciplines of preventive medicine and public health,预防医学与公共卫生学其他学科
\u836f\u6548\u5b66,Pharmacodynamics,药效学
\u8ba1\u91cf\u5b66,Metrology,计量学
\u751f\u7269\u5b66,biology,生物学
\u5fc3\u7406\u5b66,psychology,心理学
Complexity,Complexity,复杂
\u57fa\u7840\u533b\u5b66,preclinical medicine,基础医学
\u9884\u9632\u533b\u5b66\u4e0e\u516c\u5171\u536b\u751f\u5b66,Preventive medicine and public health,预防医学与公共卫生学
\u4e2d\u533b\u5b66\u4e0e\u4e2d\u836f\u5b66,Traditional Chinese medicine and pharmacy,中医学与中药学
\u6d4b\u7ed8\u79d1\u5b66\u6280\u672f,Surveying and Mapping,测绘科学技术
\u52a8\u529b\u4e0e\u7535\u6c14\u5de5\u7a0b,Power and electrical engineering,动力与电气工程
\u7535\u5b50\u4e0e\u901a\u4fe1\u6280\u672f,Electronics and Communications Technologies,电子与通信技术
\u8ba1\u7b97\u673a\u79d1\u5b66\u6280\u672f,Computer science and technology,计算机科学技术
\u98df\u54c1\u79d1\u5b66\u6280\u672f,Food Science and Technology,食品科学技术
\u6c34\u5229\u5de5\u7a0b,water conservancy project,水利工程
\u822a\u7a7a\u3001\u822a\u5929\u79d1\u5b66\u6280\u672f,Personal Stat,航空、航天科学技术
\u54f2\u5b66,philosophy,哲学
\u827a\u672f\u5b66,art,艺术学
\u7ecf\u6d4e\u5b66,Economics,经济学
\u793e\u4f1a\u5b66,Sociology,社会学
\u6c11\u65cf\u5b66\u4e0e\u6587\u5316\u5b66,Ethnology and culture,民族学与文化学
\u793e\u4f1a\u5b66\u53f2,Geschichte der Soziologie,社会学史
\u4e16\u754c\u6c11\u65cf\u7814\u7a76,MZG,世界民族研究
\u8003\u53e4\u5b66\u5176\u4ed6\u5b66\u79d1,KGG,考古学其他学科
\u53ef\u6301\u7eed\u53d1\u5c55\u7ecf\u6d4e\u5b66,Economics of Sustainable Development,可持续发展经济学
\u6570\u7406\u903b\u8f91\u4e0e\u6570\u5b66\u57fa\u7840,Mathematical Logic and Mathematical Foundations,数理逻辑与数学基础
\u65f6\u95f4\u6d4b\u91cf\u5b66,Chronometry,时间测量学
\u5e94\u7528\u7edf\u8ba1\u6570\u5b66,Applied statistical mathematics,应用统计数学
\u6570\u5b66\u5176\u4ed6\u5b66\u79d1,Mathematics other subjects,数学其他学科
\u79ef\u5206\u65b9\u7a0b,Integral equation,积分方程
\u6570\u8bba,Number theory,数论
\u4ee3\u6570\u5b66,Algebra,代数学
\u4ee3\u6570\u51e0\u4f55\u5b66,Algebra geometry ,代数几何学
\u62d3\u6251\u5b66,Topology,拓扑学
\u6570\u5b66\u5206\u6790,Distribution,数学分析
\u975e\u6807\u51c6\u5206\u6790,Non-standard analysis,非标准分析
\u51fd\u6570\u8bba,Functional theory,函数论
\u5e38\u5fae\u5206\u65b9\u7a0b,Ordinary differential equation,常微分方程
\u504f\u5fae\u5206\u65b9\u7a0b,Partial differential equation,偏微分方程
\u52a8\u529b\u7cfb\u7edf,Dynamical system,动力系统
\u6cdb\u51fd\u5206\u6790,Functional analysis,泛函分析
\u8ba1\u7b97\u6570\u5b66,Computational Mathematics,计算数学
\u6982\u7387\u8bba,Probability theory,概率论
\u6570\u7406\u7edf\u8ba1\u5b66,Mathematical statistics,数理统计学
\u6a21\u7cca\u6570\u5b66,Fuzzy mathematics,模糊数学
\u8ba1\u7b97\u673a\u6570\u5b66,Computer math,计算机数学
\u5e94\u7528\u6570\u5b66,Applied Mathematics,应用数学
\u4fe1\u606f\u79d1\u5b66\u4e0e\u7cfb\u7edf\u79d1\u5b66,Information Science and Systems Science,信息科学与系统科学
\u4fe1\u606f\u79d1\u5b66\u4e0e\u7cfb\u7edf\u79d1\u5b66\u57fa\u7840\u5b66\u79d1,Basic disciplines in information science and systems science,信息科学与系统科学基础学科
\u7cfb\u7edf\u5b66,Systematic,系统学
\u63a7\u5236\u7406\u8bba,Control theory,控制理论
\u7cfb\u7edf\u8bc4\u4f30\u4e0e\u53ef\u884c\u6027\u5206\u6790,System evaluation and feasibility analysis,系统评估与可行性分析
\u7cfb\u7edf\u5de5\u7a0b\u65b9\u6cd5\u8bba,System Engineering Methodology,系统工程方法论
\u4fe1\u606f\u79d1\u5b66\u4e0e\u7cfb\u7edf\u79d1\u5b66\u5176\u4ed6\u5b66\u79d1,Other disciplines in information science and systems science,信息科学与系统科学其他学科
\u529b\u5b66,Mechanics,力学
\u57fa\u7840\u529b\u5b66,Basic mechanics,基础力学
\u56fa\u4f53\u529b\u5b66,Solid mechanics,固体力学
\u632f\u52a8\u4e0e\u6ce2,Vibration and waves,振动与波
\u6d41\u4f53\u529b\u5b66,Fluid mechanics,流体力学
\u6d41\u53d8\u5b66,rheology,流变学
\u7206\u70b8\u529b\u5b66,Explosive mechanics,爆炸力学
\u7269\u7406\u529b\u5b66,Physical mechanics,物理力学
\u751f\u7269\u529b\u5b66,biology,生物力学
\u7edf\u8ba1\u529b\u5b66,Statistical mechanics,统计力学
\u5e94\u7528\u529b\u5b66,Applied Mechanics,应用力学
\u529b\u5b66\u5176\u4ed6\u5b66\u79d1,Other disciplines of mechanics,力学其他学科
\u7269\u7406\u5b66,Physics,物理学
\u7269\u7406\u5b66\u53f2,History of physics,物理学史
\u7406\u8bba\u7269\u7406\u5b66,Theoretical physics,理论物理学
\u58f0\u5b66,Acoustics,声学
\u70ed\u5b66,Thermal physics,热学
\u5149\u5b66,Optics,光学
\u7535\u78c1\u5b66,Electromagnetics,电磁学
\u65e0\u7ebf\u7535\u7269\u7406,Radio physics,无线电物理
\u7535\u5b50\u7269\u7406\u5b66,Electronic physics,电子物理学
\u51dd\u805a\u6001\u7269\u7406\u5b66,Condensed matter physics,凝聚态物理学
\u7b49\u79bb\u5b50\u4f53\u7269\u7406\u5b66,Plasma physics,等离子体物理学
\u539f\u5b50\u5206\u5b50\u7269\u7406\u5b66,Atomic and molecular physics,原子分子物理学
\u539f\u5b50\u6838\u7269\u7406\u5b66,Nuclear physics,原子核物理学
\u9ad8\u80fd\u7269\u7406\u5b66,High energy physics,高能物理学
\u8ba1\u7b97\u7269\u7406\u5b66,Computational physics,计算物理学
\u5e94\u7528\u7269\u7406\u5b66,Applied physics,应用物理学
\u7269\u7406\u5b66\u5176\u4ed6\u5b66\u79d1,Other disciplines in physics,物理学其他学科
\u5316\u5b66\u53f2,Chemistry history,化学史
\u65e0\u673a\u5316\u5b66,Inorganic chemistry,无机化学
\u6709\u673a\u5316\u5b66,Organic chemistry,有机化学
\u5206\u6790\u5316\u5b66,Analytical Chemistry,分析化学
\u7269\u7406\u5316\u5b66,Physical chemistry,物理化学
\u5316\u5b66\u7269\u7406\u5b66,Chemical physics,化学物理学
\u9ad8\u5206\u5b50\u7269\u7406,Polymer physics,高分子物理
\u9ad8\u5206\u5b50\u5316\u5b66,Polymer chemistry,高分子化学
\u6838\u5316\u5b66,Nuclear chemistry,核化学
\u5e94\u7528\u5316\u5b66,Applied Chemistry,应用化学
\u5316\u5b66\u751f\u7269\u5b66,Chemical biology,化学生物学
\u6750\u6599\u5316\u5b66,material chemistry,材料化学
\u5316\u5b66\u5176\u4ed6\u5b66\u79d1,Other disciplines of chemistry,化学其他学科
\u5929\u6587\u5b66,Astronomy,天文学
\u5929\u6587\u5b66\u53f2,History of astronomy,天文学史
\u5929\u4f53\u529b\u5b66,Celestial mechanics,天体力学
\u5929\u4f53\u7269\u7406\u5b66,Astrophysicist,天体物理学
\u5b87\u5b99\u5316\u5b66,Cosmic Chemistry,宇宙化学
\u5929\u4f53\u6d4b\u91cf\u5b66,Astrometry,天体测量学
\u5c04\u7535\u5929\u6587\u5b66,Radio astronomy,射电天文学
\u7a7a\u95f4\u5929\u6587\u5b66,Space astronomy,空间天文学
\u5929\u4f53\u6f14\u5316\u5b66,Cosmogony,天体演化学
\u661f\u7cfb\u4e0e\u5b87\u5b99\u5b66,Galaxies and cosmology,星系与宇宙学
\u6052\u661f\u4e0e\u94f6\u6cb3\u7cfb,Stars and the Milky Way,恒星与银河系
\u592a\u9633\u4e0e\u592a\u9633\u7cfb,The sun and the solar system,太阳与太阳系
\u5929\u4f53\u751f\u7269\u5b66,Astrobiology,天体生物学
\u5929\u6587\u5730\u7403\u52a8\u529b\u5b66,Astronomical geodynamics,天文地球动力学
\u5929\u6587\u5b66\u5176\u4ed6\u5b66\u79d1,Other disciplines of astronomy,天文学其他学科
\u5730\u7403\u79d1\u5b66\u53f2,History of Earth Science,地球科学史
\u5927\u6c14\u79d1\u5b66,Atmospheric Sciences,大气科学
\u56fa\u4f53\u5730\u7403\u7269\u7406\u5b66,Solid geophysics,固体地球物理学
\u7a7a\u95f4\u7269\u7406\u5b66,Space physics,空间物理学
\u5730\u7403\u5316\u5b66,Geochemistry,地球化学
\u5927\u5730\u6d4b\u91cf\u5b66,Geodesy,大地测量学
\u5730\u56fe\u5b66,Cartography,地图学
\u5730\u7406\u5b66,Geography,地理学
\u5730\u8d28\u5b66,Geology,地质学
\u6d77\u6d0b\u79d1\u5b66,Oceanography,海洋科学
\u5730\u7403\u79d1\u5b66\u5176\u4ed6\u5b66\u79d1,Other subjects in earth science,地球科学其他学科
\u751f\u7269\u6570\u5b66,Biomathe,生物数学
\u751f\u7269\u7269\u7406\u5b66,Biophysics,生物物理学
\u751f\u7269\u5316\u5b66,Biochemistry,生物化学
\u7ec6\u80de\u751f\u7269\u5b66,Cytologist,细胞生物学
\u514d\u75ab\u5b66,Immunology,免疫学
\u751f\u7406\u5b66,Physiology,生理学
\u53d1\u80b2\u751f\u7269\u5b66,Developmental Biology,发育生物学
\u9057\u4f20\u5b66,Genetics,遗传学
\u653e\u5c04\u751f\u7269\u5b66,Radiobiology,放射生物学
\u5206\u5b50\u751f\u7269\u5b66,Molecular biology,分子生物学
\u4e13\u9898\u751f\u7269\u5b66\u7814\u7a76,Thematic biology research,专题生物学研究
\u751f\u7269\u8fdb\u5316\u8bba,Biological evolution,生物进化论
\u751f\u6001\u5b66,Ecology,生态学
\u795e\u7ecf\u751f\u7269\u5b66,Neurobiology,神经生物学
\u690d\u7269\u5b66,Botany,植物学
\u6606\u866b\u5b66,Entomology,昆虫学
\u52a8\u7269\u5b66,Zoology,动物学
\u5fae\u751f\u7269\u5b66,Microbiology,微生物学
\u75c5\u6bd2\u5b66,Virology,病毒学
\u4eba\u7c7b\u5b66,Anthropologist,人类学
\u751f\u7269\u5b66\u5176\u4ed6\u5b66\u79d1,Other disciplines in biology,生物学其他学科
\u5fc3\u7406\u5b66\u53f2,History of psychology,心理学史
\u8ba4\u77e5\u5fc3\u7406\u5b66,Cognitive psychology,认知心理学
\u793e\u4f1a\u5fc3\u7406\u5b66,Social psychology,社会心理学
\u5b9e\u9a8c\u5fc3\u7406\u5b66,Experimental psychology,实验心理学
\u53d1\u5c55\u5fc3\u7406\u5b66,Developmental psychology,发展心理学
\u533b\u5b66\u5fc3\u7406\u5b66,Medical psychology,医学心理学
\u4eba\u683c\u5fc3\u7406\u5b66,Personality psychology,人格心理学
\u4e34\u5e8a\u4e0e\u54a8\u8be2\u5fc3\u7406\u5b66,Clinical and consulting psychology,临床与咨询心理学
\u5fc3\u7406\u6d4b\u91cf,Psychological measurement,心理测量
\u5fc3\u7406\u7edf\u8ba1,Psychological statistics,心理统计
\u751f\u7406\u5fc3\u7406\u5b66,Physiological psychology,生理心理学
\u5de5\u4e1a\u5fc3\u7406\u5b66,Industrial psychology,工业心理学
\u7ba1\u7406\u5fc3\u7406\u5b66,Managerial Psychology,管理心理学
\u5e94\u7528\u5fc3\u7406\u5b66,Applied psychology,应用心理学
\u6559\u80b2\u5fc3\u7406\u5b66,Educational psychology,教育心理学
\u6cd5\u5236\u5fc3\u7406\u5b66,Legal psychology,法制心理学
\u5fc3\u7406\u5b66\u5176\u4ed6\u5b66\u79d1,Other disciplines of psychology,心理学其他学科
\u519c\u5b66,Agriculture,农学
\u519c\u4e1a\u53f2,Agricultural history,农业史
\u519c\u4e1a\u57fa\u7840\u5b66\u79d1,Basic agricultural science,农业基础学科
\u519c\u827a\u5b66,agronomy,农艺学
\u56ed\u827a\u5b66,Horticulture,园艺学
\u519c\u4ea7\u54c1\u8d2e\u85cf\u4e0e\u52a0\u5de5,Storage and processing of agricultural products,农产品贮藏与加工
\u571f\u58e4\u5b66,Soil science,土壤学
\u690d\u7269\u4fdd\u62a4\u5b66,Plant protection,植物保护学
\u519c\u5b66\u5176\u4ed6\u5b66\u79d1,Other subjects in agronomy,农学其他学科
\u6797\u5b66,Forestry,林学
\u6797\u4e1a\u57fa\u7840\u5b66\u79d1,Forestry basics,林业基础学科
\u6797\u6728\u9057\u4f20\u80b2\u79cd\u5b66,Forest genetics and breeding,林木遗传育种学
\u68ee\u6797\u57f9\u80b2\u5b66,Forest cultivation,森林培育学
\u68ee\u6797\u7ecf\u7406\u5b66,Forest manager learn,森林经理学
\u68ee\u6797\u4fdd\u62a4\u5b66,Forest conservation,森林保护学
\u91ce\u751f\u52a8\u7269\u4fdd\u62a4\u4e0e\u7ba1\u7406,Wildlife Conservation and Management,野生动物保护与管理
\u9632\u62a4\u6797\u5b66,Protective forest science,防护林学
\u7ecf\u6d4e\u6797\u5b66,Economic forestry,经济林学
\u56ed\u6797\u5b66,Gardening,园林学
\u6797\u4e1a\u5de5\u7a0b,Forestry engineering,林业工程
\u68ee\u6797\u7edf\u8ba1\u5b66,Forest statistics,森林统计学
\u6797\u4e1a\u7ecf\u6d4e\u5b66,Forestry economics,林业经济学
\u6797\u5b66\u5176\u4ed6\u5b66\u79d1,Lin Xue other disciplines,林学其他学科
\u755c\u7267\u3001\u517d\u533b\u79d1\u5b66,Animal husbandry veterinary science,畜牧、兽医科学
\u755c\u7267\u3001\u517d\u533b\u79d1\u5b66\u57fa\u7840\u5b66\u79d1,Basic disciplines in animal husbandry and veterinary science,畜牧、兽医科学基础学科
\u755c\u7267\u5b66,Animal husbandry,畜牧学
\u517d\u533b\u5b66,Veterinary Science,兽医学
\u755c\u7267\u3001\u517d\u533b\u79d1\u5b66\u5176\u4ed6\u5b66\u79d1,Other disciplines in animal husbandry and veterinary science,畜牧、兽医科学其他学科
\u6c34\u4ea7\u5b66,Aquatic studies,水产学
\u6c34\u4ea7\u5b66\u57fa\u7840\u5b66\u79d1,Basic discipline of aquaculture,水产学基础学科
\u6c34\u4ea7\u589e\u6b96\u5b66,Aquatic proliferation,水产增殖学
\u6c34\u4ea7\u517b\u6b96\u5b66,Aquaculture,水产养殖学
\u6c34\u4ea7\u9972\u6599\u5b66,Aquatic feed learning,水产饲料学
\u6c34\u4ea7\u4fdd\u62a4\u5b66,Aquatic Protection,水产保护学
\u6355\u635e\u5b66,Fishing learning,捕捞学
\u6c34\u4ea7\u54c1\u8d2e\u85cf\u4e0e\u52a0\u5de5,Aquatic product storage and processing,水产品贮藏与加工
\u6c34\u4ea7\u5de5\u7a0b\u5b66,Aquatic Engineering,水产工程学
\u6c34\u4ea7\u8d44\u6e90\u5b66,Aquatic resources science,水产资源学
\u6c34\u4ea7\u7ecf\u6d4e\u5b66,Aquatic Economics,水产经济学
\u6c34\u4ea7\u5b66\u5176\u4ed6\u5b66\u79d1,Other disciplines in aquaculture,水产学其他学科
\u533b\u5b66\u53f2,Medical history,医学史
\u533b\u5b66\u751f\u7269\u5316\u5b66,Medical biochemistry,医学生物化学
\u4eba\u4f53\u89e3\u5256\u5b66,Human anatomy,人体解剖学
\u533b\u5b66\u7ec6\u80de\u751f\u7269\u5b66,Medical Cell Biology,医学细胞生物学
\u4eba\u4f53\u751f\u7406\u5b66,Human physiology,人体生理学
\u4eba\u4f53\u7ec4\u7ec7\u80da\u80ce\u5b66,Human tissue embryology,人体组织胚胎学
\u533b\u5b66\u9057\u4f20\u5b66,Medical Genetics,医学遗传学
\u653e\u5c04\u533b\u5b66,Radiation medicine,放射医学
\u4eba\u4f53\u514d\u75ab\u5b66,Human immunology,人体免疫学
\u533b\u5b66\u5bc4\u751f\u866b\u5b66,Medical parasitology,医学寄生虫学
\u533b\u5b66\u5fae\u751f\u7269\u5b66,Microorganism medicine,医学微生物学
\u75c5\u7406\u5b66,Pathology,病理学
\u836f\u7406\u5b66,Pharmacology,药理学
\u533b\u5b66\u5b9e\u9a8c\u52a8\u7269\u5b66,Medical laboratory zoology,医学实验动物学
\u533b\u5b66\u7edf\u8ba1\u5b66,Medical statistics,医学统计学
\u57fa\u7840\u533b\u5b66\u5176\u4ed6\u5b66\u79d1,Other subjects of basic medicine,基础医学其他学科
\u4e34\u5e8a\u533b\u5b66,Clinical medicine,临床医学
\u4e34\u5e8a\u8bca\u65ad\u5b66,Clinical diagnostics,临床诊断学
\u4fdd\u5065\u533b\u5b66,Health medicine,保健医学
\u7406\u7597\u5b66,Physical Therapy*,理疗学
\u9ebb\u9189\u5b66,Anesthesiology,麻醉学
\u5185\u79d1\u5b66,Internal Medicine,内科学
\u5916\u79d1\u5b66,Surgery,外科学
\u5987\u4ea7\u79d1\u5b66,Obstetrics and Gynecology:,妇产科学
\u513f\u79d1\u5b66,pediatrics:,儿科学
\u773c\u79d1\u5b66,Ophthalmology,眼科学
\u8033\u9f3b\u54bd\u5589\u79d1\u5b66,Otolaryngology,耳鼻咽喉科学
\u53e3\u8154\u533b\u5b66,Stomatology,口腔医学
\u76ae\u80a4\u75c5\u5b66,Dermatology,皮肤病学
\u6027\u533b\u5b66,Sexual medicine,性医学
\u795e\u7ecf\u75c5\u5b66,Neurologic:,神经病学
\u7cbe\u795e\u75c5\u5b66,psychiatry,精神病学
\u91cd\u75c7\u533b\u5b66,Critical medicine,重症医学
\u6025\u8bca\u533b\u5b66,Emergency medicine,急诊医学
\u6838\u533b\u5b66,Nuclear Medicine,核医学
\u5168\u79d1\u533b\u5b66,General medicine,全科医学
\u80bf\u7624\u5b66,Oncology,肿瘤学
\u62a4\u7406\u5b66,Nurses,护理学
\u4e34\u5e8a\u533b\u5b66\u5176\u4ed6\u5b66\u79d1,Other subjects in clinical medicine,临床医学其他学科
\u8425\u517b\u5b66,Nutrition,营养学
\u6bd2\u7406\u5b66,Toxicology,毒理学
\u6d88\u6bd2\u5b66,Disinfection,消毒学
\u6d41\u884c\u75c5\u5b66,Epidemiology,流行病学
\u5a92\u4ecb\u751f\u7269\u63a7\u5236\u5b66,Media Biology Control,媒介生物控制学
\u73af\u5883\u533b\u5b66,Environmental medicine,环境医学
\u804c\u4e1a\u75c5\u5b66,Occupational disease,职业病学
\u5730\u65b9\u75c5\u5b66,Endemic disease,地方病学
\u70ed\u5e26\u533b\u5b66,Tropical medicine,热带医学
\u793e\u4f1a\u533b\u5b66,Social medicine,社会医学
\u536b\u751f\u68c0\u9a8c\u5b66,Health inspection,卫生检验学
\u98df\u54c1\u536b\u751f\u5b66,Food hygiene,食品卫生学
\u513f\u5c11\u4e0e\u5b66\u6821\u536b\u751f\u5b66,Children and school hygiene,儿少与学校卫生学
\u5987\u5e7c\u536b\u751f\u5b66,Maternal and child hygiene,妇幼卫生学
\u73af\u5883\u536b\u751f\u5b66,Environmental hygiene,环境卫生学
\u52b3\u52a8\u536b\u751f\u5b66,Labor hygiene,劳动卫生学
\u653e\u5c04\u536b\u751f\u5b66,Radiation Hygiene,放射卫生学
\u536b\u751f\u5de5\u7a0b\u5b66,Health Engineering,卫生工程学
\u536b\u751f\u7ecf\u6d4e\u5b66,Health economics,卫生经济学
\u536b\u751f\u7edf\u8ba1\u5b66,Health statistics,卫生统计学
\u4f18\u751f\u5b66,eugenics,优生学
\u5065\u5eb7\u4fc3\u8fdb\u4e0e\u5065\u5eb7\u6559\u80b2\u5b66,Health promotion and health education,健康促进与健康教育学
\u536b\u751f\u7ba1\u7406\u5b66,Health Management,卫生管理学
\u519b\u4e8b\u533b\u5b66\u4e0e\u7279\u79cd\u533b\u5b66,Military medicine and special medicine,军事医学与特种医学
\u519b\u4e8b\u533b\u5b66\u4e0e\u7279\u79cd\u533b\u5b66\u5176\u4ed6\u5b66\u79d1,Other disciplines in military medicine and specialty medicine,军事医学与特种医学其他学科
\u836f\u7269\u5316\u5b66,Medicinal chemistry,药物化学
\u751f\u7269\u836f\u7269\u5b66,Biopharmaceuticals,生物药物学
\u5fae\u751f\u7269\u836f\u7269\u5b66,Microbial pharmacology,微生物药物学
\u653e\u5c04\u6027\u836f\u7269\u5b66,Radiopharmaceuticals,放射性药物学
\u836f\u5242\u5b66,Pharmacy,药剂学
\u836f\u7269\u7ba1\u7406\u5b66,Drug management,药物管理学
\u836f\u7269\u7edf\u8ba1\u5b66,Drug statistics,药物统计学
\u836f\u5b66\u5176\u4ed6\u5b66\u79d1,Other disciplines of pharmacy,药学其他学科
\u6c11\u65cf\u533b\u5b66,Ethnic medicine,民族医学
\u4e2d\u897f\u533b\u7ed3\u5408\u533b\u5b66,Integrated Chinese and Western Medicine,中西医结合医学
\u4e2d\u533b\u5b66\u4e0e\u4e2d\u836f\u5b66\u5176\u4ed6\u5b66\u79d1,Chinese medicine and other subjects of Chinese medicine,中医学与中药学其他学科
\u5de5\u7a0b\u6570\u5b66,Engineering Mathematics,工程数学
\u5de5\u7a0b\u63a7\u5236\u8bba,Engineering cybernetics,工程控制论
\u5de5\u7a0b\u529b\u5b66,Applied mechanics,工程力学
\u5de5\u7a0b\u7269\u7406\u5b66,Engineering physics,工程物理学
\u5de5\u7a0b\u5730\u8d28\u5b66,Engineering geology,工程地质学
\u5de5\u7a0b\u6c34\u6587\u5b66,Engineering hydrology,工程水文学
\u5de5\u7a0b\u4eff\u751f\u5b66,Engineering bionics,工程仿生学
\u5de5\u7a0b\u5fc3\u7406\u5b66,Engineering psychology,工程心理学
\u6807\u51c6\u79d1\u5b66\u6280\u672f,Standard science and technology,标准科学技术
\u5de5\u7a0b\u56fe\u5b66,Engineering Graphics,工程图学
\u52d8\u67e5\u6280\u672f,Exploration technology,勘查技术
\u5de5\u7a0b\u901a\u7528\u6280\u672f,Engineering general technology,工程通用技术
\u5de5\u4e1a\u5de5\u7a0b\u5b66,Industrial Engineers,工业工程学
\u63a7\u5236\u79d1\u5b66\u4e0e\u6280\u672f,Control science and technology,控制科学与技术
\u4eff\u771f\u79d1\u5b66\u6280\u672f,Simulation science and technology,仿真科学技术
\u4fe1\u606f\u5b89\u5168\u6280\u672f,Information security technology,信息安全技术
\u4fe1\u606f\u6280\u672f\u7cfb\u7edf\u6027\u5e94\u7528,Information technology systemic application,信息技术系统性应用
\u7269\u7406\u5b66\u76f8\u5173\u5de5\u7a0b\u4e0e\u6280\u672f,Physics related engineering and technology,物理学相关工程与技术
\u5149\u5b66\u5de5\u7a0b,Optical engineering,光学工程
\u6d77\u6d0b\u5de5\u7a0b\u4e0e\u6280\u672f,Marine engineering and technology,海洋工程与技术
\u519c\u4e1a\u5de5\u7a0b,Agricultural Engineering,农业工程
\u751f\u7269\u533b\u5b66\u5de5\u7a0b\u5b66,Biomedical Engineering,生物医学工程学
\u5927\u5730\u6d4b\u91cf\u6280\u672f,Geodetic technology,大地测量技术
\u6444\u5f71\u6d4b\u91cf\u4e0e\u9065\u611f\u6280\u672f,Photogrammetry and remote sensing technology,摄影测量与遥感技术
\u5730\u56fe\u5236\u56fe\u6280\u672f,Map drawing technology,地图制图技术
\u5de5\u7a0b\u6d4b\u91cf\u6280\u672f,Engineering measurement technology,工程测量技术
\u6d77\u6d0b\u6d4b\u7ed8,Marine mapping,海洋测绘
\u6d4b\u7ed8\u4eea\u5668,Surveying instruments,测绘仪器
\u6d4b\u7ed8\u79d1\u5b66\u6280\u672f\u5176\u4ed6\u5b66\u79d1,Other disciplines of surveying and mapping science and technology,测绘科学技术其他学科
\u6750\u6599\u79d1\u5b66,Materials science,材料科学
\u6750\u6599\u79d1\u5b66\u57fa\u7840\u5b66\u79d1,Basic science of materials science,材料科学基础学科
\u6750\u6599\u8868\u9762\u4e0e\u754c\u9762,Material surface and interface,材料表面与界面
\u6750\u6599\u5931\u6548\u4e0e\u4fdd\u62a4,Material failure and protection,材料失效与保护
\u6750\u6599\u68c0\u6d4b\u4e0e\u5206\u6790\u6280\u672f,Material testing and analysis technology,材料检测与分析技术
\u6750\u6599\u5b9e\u9a8c,Material experiment,材料实验
\u6750\u6599\u5408\u6210\u4e0e\u52a0\u5de5\u5de5\u827a,Material synthesis and processing technology,材料合成与加工工艺
\u91d1\u5c5e\u6750\u6599,Metal Material,金属材料
\u65e0\u673a\u975e\u91d1\u5c5e\u6750\u6599,Inorganic non-metallic materials,无机非金属材料
\u6709\u673a\u9ad8\u5206\u5b50\u6750\u6599,Organic polymer materials,有机高分子材料
\u590d\u5408\u6750\u6599,composite,复合材料
\u751f\u7269\u6750\u6599,biomaterials,生物材料
\u7eb3\u7c73\u6750\u6599,Nanomaterials,纳米材料
\u6750\u6599\u79d1\u5b66\u5176\u4ed6\u5b66\u79d1,Other disciplines in materials science,材料科学其他学科
\u77ff\u5c71\u5de5\u7a0b\u6280\u672f,Mining engineering technology,矿山工程技术
\u77ff\u5c71\u5730\u8d28\u5b66,Mine geology,矿山地质学
\u77ff\u5c71\u6d4b\u91cf,Mine measurement,矿山测量
\u77ff\u5c71\u8bbe\u8ba1,Mine design,矿山设计
\u77ff\u5c71\u5730\u9762\u5de5\u7a0b,Mine ground engineering,矿山地面工程
\u4e95\u5df7\u5de5\u7a0b,Lane engineering,井巷工程
\u91c7\u77ff\u5de5\u7a0b,mining project,采矿工程
\u9009\u77ff\u5de5\u7a0b,Mineral processing project,选矿工程
\u94bb\u4e95\u5de5\u7a0b,Drilling engineering,钻井工程
\u6cb9\u6c14\u7530\u4e95\u5f00\u53d1\u5de5\u7a0b,Oil and gas field well development project,油气田井开发工程
\u77f3\u6cb9\u3001\u5929\u7136\u6c14\u50a8\u5b58\u4e0e\u8fd0\u8f93\u5de5\u7a0b,Oil and gas storage and transportation projects,石油、天然气储存与运输工程
\u77ff\u5c71\u673a\u68b0\u5de5\u7a0b,Mining machinery engineering,矿山机械工程
\u77ff\u5c71\u7535\u6c14\u5de5\u7a0b,Mine electrical engineering,矿山电气工程
\u91c7\u77ff\u73af\u5883\u5de5\u7a0b,Mining environment engineering,采矿环境工程
\u77ff\u5c71\u5b89\u5168,Mine safety,矿山安全
\u77ff\u5c71\u7efc\u5408\u5229\u7528\u5de5\u7a0b,Mine comprehensive utilization project,矿山综合利用工程
\u77ff\u5c71\u5de5\u7a0b\u6280\u672f\u5176\u4ed6\u5b66\u79d1,Other disciplines in mining engineering technology,矿山工程技术其他学科
\u51b6\u91d1\u5de5\u7a0b\u6280\u672f,Metallurgical engineering technology,冶金工程技术
\u51b6\u91d1\u7269\u7406\u5316\u5b66,Metallurgical physical chemistry,冶金物理化学
\u51b6\u91d1\u53cd\u5e94\u5de5\u7a0b,Metallurgical reaction engineering,冶金反应工程
\u51b6\u91d1\u539f\u6599\u4e0e\u9884\u5904\u7406,Metallurgical raw materials and pretreatment,冶金原料与预处理
\u51b6\u91d1\u70ed\u80fd\u5de5\u7a0b,Metallurgical thermal engineering,冶金热能工程
\u51b6\u91d1\u6280\u672f,Metallurgical technology,冶金技术
\u94a2\u94c1\u51b6\u91d1,Ferrous Metallurgy,钢铁冶金
\u6709\u8272\u91d1\u5c5e\u51b6\u91d1,Non-ferrous metallurgy,有色金属冶金
\u8f67\u5236,Rolling,轧制
\u51b6\u91d1\u673a\u68b0\u53ca\u81ea\u52a8\u5316,Metallurgical machinery and automation,冶金机械及自动化
\u51b6\u91d1\u5de5\u7a0b\u6280\u672f\u5176\u4ed6\u5b66\u79d1,Other disciplines of metallurgical engineering technology,冶金工程技术其他学科
\u673a\u68b0\u53f2,Mechanical history,机械史
\u673a\u68b0\u5b66,Mechanics,机械学
\u673a\u68b0\u8bbe\u8ba1,Start mechanical design,机械设计
\u673a\u68b0\u5236\u9020\u5de5\u827a\u4e0e\u8bbe\u5907,Mechanical manufacturing process and equipment,机械制造工艺与设备
\u5200\u5177\u6280\u672f,Tool technology,刀具技术
\u673a\u5e8a\u6280\u672f,Machine tool technology,机床技术
\u6d41\u4f53\u4f20\u52a8\u4e0e\u63a7\u5236,Fluid drive and control,流体传动与控制
\u673a\u68b0\u5236\u9020\u81ea\u52a8\u5316,Mechanical manufacturing automation,机械制造自动化
\u673a\u68b0\u5de5\u7a0b\u5176\u4ed6\u5b66\u79d1,Mechanical engineering other disciplines,机械工程其他学科
\u5de5\u7a0b\u70ed\u7269\u7406,Engineering Thermophysics,工程热物理
\u70ed\u5de5\u5b66,Heat engineering,热工学
\u52a8\u529b\u673a\u68b0\u5de5\u7a0b,Power Mechanical Engineering,动力机械工程
\u5236\u51b7\u4e0e\u4f4e\u6e29\u5de5\u7a0b,Refrigeration and cryogenic engineering,制冷与低温工程
\u52a8\u529b\u4e0e\u7535\u6c14\u5de5\u7a0b\u5176\u4ed6\u5b66\u79d1,Power and electrical engineering other disciplines,动力与电气工程其他学科
\u80fd\u6e90\u79d1\u5b66\u6280\u672f,Energy science and technology,能源科学技术
\u80fd\u6e90\u5316\u5b66,Energy Chemistry,能源化学
\u80fd\u6e90\u5730\u7406\u5b66,Energy Geography,能源地理学
\u80fd\u6e90\u8ba1\u7b97\u4e0e\u6d4b\u91cf,Energy calculation and measurement,能源计算与测量
\u50a8\u80fd\u6280\u672f,Energy Storage,储能技术
\u8282\u80fd\u6280\u672f,Read post jnjs,节能技术
\u4e00\u6b21\u80fd\u6e90,non-renewable energy,一次能源
\u4e8c\u6b21\u80fd\u6e90,Secondary energy,二次能源
\u80fd\u6e90\u7cfb\u7edf\u5de5\u7a0b,Energy Systems Engineering,能源系统工程
\u80fd\u6e90\u79d1\u5b66\u6280\u672f\u5176\u4ed6\u5b66\u79d1,Other disciplines of energy science and technology,能源科学技术其他学科
\u6838\u79d1\u5b66\u6280\u672f,Nuclear science and technology,核科学技术
\u8f90\u5c04\u7269\u7406\u4e0e\u6280\u672f,Radiation Physics and Technology,辐射物理与技术
\u6838\u63a2\u6d4b\u6280\u672f\u4e0e\u6838\u7535\u5b50\u5b66,Nuclear detection technology and nuclear electronics,核探测技术与核电子学
\u653e\u5c04\u6027\u8ba1\u91cf\u5b66,Radioactivity metrology,放射性计量学
\u6838\u4eea\u5668\u3001\u4eea\u8868,Instrument,核仪器、仪表
\u6838\u6750\u6599\u4e0e\u5de5\u827a\u6280\u672f,Nuclear materials and process technology,核材料与工艺技术
\u7c92\u5b50\u52a0\u901f\u5668,Particle Accelerator,粒子加速器
\u88c2\u53d8\u5806\u5de5\u7a0b\u6280\u672f,Fission reactor engineering technology,裂变堆工程技术
\u6838\u805a\u53d8\u5de5\u7a0b\u6280\u672f,Nuclear fusion engineering technology,核聚变工程技术
\u6838\u52a8\u529b\u5de5\u7a0b\u6280\u672f,Nuclear power engineering technology,核动力工程技术
\u540c\u4f4d\u7d20\u6280\u672f,Isotope technology,同位素技术
\u6838\u7206\u70b8\u5de5\u7a0b,Nuclear explosion project,核爆炸工程
\u6838\u5b89\u5168,Audit Security,核安全
\u4e4f\u71c3\u6599\u540e\u5904\u7406\u6280\u672f,Spent fuel aftertreatment technology,乏燃料后处理技术
\u8f90\u5c04\u9632\u62a4\u6280\u672f,Radiation protection technology,辐射防护技术
\u6838\u8bbe\u65bd\u9000\u5f79\u6280\u672f,Nuclear facility decommissioning technology,核设施退役技术
\u653e\u5c04\u6027\u4e09\u5e9f\u5904\u7406\u3001\u5904\u7f6e\u6280\u672f,Radioactive three waste treatment and disposal technology,放射性三废处理、处置技术
\u6838\u79d1\u5b66\u6280\u672f\u5176\u4ed6\u5b66\u79d1,Other disciplines in nuclear science and technology,核科学技术其他学科
\u7535\u5b50\u6280\u672f,Electronic technology,电子技术
\u5149\u7535\u5b50\u5b66\u4e0e\u6fc0\u5149\u6280\u672f,Optoelectronics and laser technology,光电子学与激光技术
\u534a\u5bfc\u4f53\u6280\u672f,Semiconductor technology,半导体技术
\u4fe1\u606f\u5904\u7406\u6280\u672f,Information processing technology,信息处理技术
\u5e7f\u64ad\u4e0e\u7535\u89c6\u5de5\u7a0b\u6280\u672f,Broadcast and TV engineering technology,广播与电视工程技术
\u96f7\u8fbe\u5de5\u7a0b,Radar engineering,雷达工程
\u7535\u5b50\u4e0e\u901a\u4fe1\u6280\u672f\u5176\u4ed6\u5b66\u79d1,Other disciplines in electronics and communication technology,电子与通信技术其他学科
\u8ba1\u7b97\u673a\u79d1\u5b66\u6280\u672f\u57fa\u7840\u5b66\u79d1,Basic discipline of computer science and technology,计算机科学技术基础学科
\u4eba\u5de5\u667a\u80fd,Stay one step ahead with recommendations based on artificial intelligence. Get alerts and reminders that help you build customer relationships. Know when to reach out to a contact who has been inactive or follow up with a prospect who opened your email.,人工智能
\u8ba1\u7b97\u673a\u7cfb\u7edf\u7ed3\u6784,Computer architecture,计算机系统结构
\u8ba1\u7b97\u673a\u8f6f\u4ef6,Computer Software,计算机软件
\u8ba1\u7b97\u673a\u5de5\u7a0b,computer engineering,计算机工程
\u8ba1\u7b97\u673a\u5e94\u7528,Computers - Application Software,计算机应用
\u8ba1\u7b97\u673a\u79d1\u5b66\u6280\u672f\u5176\u4ed6\u5b66\u79d1,Other disciplines in computer science and technology,计算机科学技术其他学科
\u5316\u5b66\u5de5\u7a0b,Chemical Engineering,化学工程
\u5316\u5b66\u5de5\u7a0b\u57fa\u7840\u5b66\u79d1,Basic discipline in chemical engineering,化学工程基础学科
\u5316\u5de5\u6d4b\u91cf\u6280\u672f\u4e0e\u4eea\u5668\u4eea\u8868,Chemical measurement technology and instrumentation,化工测量技术与仪器仪表
\u5316\u5de5\u4f20\u9012\u8fc7\u7a0b,Chemical transfer process,化工传递过程
\u5316\u5b66\u5206\u79bb\u5de5\u7a0b,Chemical separation engineering,化学分离工程
\u5316\u5b66\u53cd\u5e94\u5de5\u7a0b,Chemical Reaction Engineering,化学反应工程
\u5316\u5de5\u7cfb\u7edf\u5de5\u7a0b,Chemical system engineering,化工系统工程
\u5316\u5de5\u673a\u68b0\u4e0e\u8bbe\u5907,Chemical machinery and equipment,化工机械与设备
\u65e0\u673a\u5316\u5b66\u5de5\u7a0b,Inorganic chemical engineering,无机化学工程
\u6709\u673a\u5316\u5b66\u5de5\u7a0b,Organic Chemical Engineering,有机化学工程
\u7535\u5316\u5b66\u5de5\u7a0b,Electrochemical engineering,电化学工程
\u9ad8\u805a\u7269\u5de5\u7a0b,Polymer Engineering,高聚物工程
\u7164\u5316\u5b66\u5de5\u7a0b,Coal chemical engineering,煤化学工程
\u77f3\u6cb9\u5316\u5b66\u5de5\u7a0b,Petrochemical engineering,石油化学工程
\u5929\u7136\u6c14\u5316\u5b66\u5de5\u7a0b,Natural gas chemical engineering,天然气化学工程
\u7cbe\u7ec6\u5316\u5b66\u5de5\u7a0b,Fine chemical engineering,精细化学工程
\u9020\u7eb8\u6280\u672f,Paper technology,造纸技术
\u6bdb\u76ae\u4e0e\u5236\u9769\u5de5\u7a0b,Fur and tanning works,毛皮与制革工程
\u5236\u836f\u5de5\u7a0b,Pharmaceutical industry,制药工程
\u751f\u7269\u5316\u5b66\u5de5\u7a0b,Biochemical engineering,生物化学工程
\u5316\u5b66\u5de5\u7a0b\u5176\u4ed6\u5b66\u79d1,Other disciplines in chemical engineering,化学工程其他学科
\u4ea7\u54c1\u5e94\u7528\u76f8\u5173\u5de5\u7a0b\u4e0e\u6280\u672f,Product application related engineering and technology,产品应用相关工程与技术
\u4eea\u5668\u4eea\u8868\u6280\u672f,Instrumentation technology,仪器仪表技术
\u5175\u5668\u79d1\u5b66\u4e0e\u6280\u672f,Weapon science and technology,兵器科学与技术
\u4ea7\u54c1\u5e94\u7528\u4e13\u7528\u6027\u6280\u672f,Product application specific technology,产品应用专用性技术
\u4ea7\u54c1\u5e94\u7528\u76f8\u5173\u5de5\u7a0b\u4e0e\u6280\u672f\u5176\u4ed6\u5b66\u79d1,Product application related engineering and other disciplines,产品应用相关工程与技术其他学科
\u7eba\u7ec7\u79d1\u5b66\u6280\u672f,Textile science and technology,纺织科学技术
\u7eba\u7ec7\u79d1\u5b66\u6280\u672f\u57fa\u7840\u5b66\u79d1,Basic discipline of textile science and technology,纺织科学技术基础学科
\u7eba\u7ec7\u6750\u6599,Textile material,纺织材料
\u7ea4\u7ef4\u5236\u9020\u6280\u672f,Fiber manufacturing technology,纤维制造技术
\u7eba\u7ec7\u6280\u672f,Fabric Manufacture,纺织技术
\u67d3\u6574\u6280\u672f,Dyeing and finishing technology,染整技术
\u670d\u88c5\u6280\u672f,Clothing technology,服装技术
\u7eba\u7ec7\u673a\u68b0\u4e0e\u8bbe\u5907,Textile machinery and equipment,纺织机械与设备
\u7eba\u7ec7\u79d1\u5b66\u6280\u672f\u5176\u4ed6\u5b66\u79d1,Other disciplines in textile science and technology,纺织科学技术其他学科
\u98df\u54c1\u79d1\u5b66\u6280\u672f\u57fa\u7840\u5b66\u79d1,Basic discipline of food science and technology,食品科学技术基础学科
\u98df\u54c1\u52a0\u5de5\u6280\u672f,Food processing technology,食品加工技术
\u98df\u54c1\u5305\u88c5\u4e0e\u50a8\u85cf,Food packaging and storage,食品包装与储藏
\u98df\u54c1\u673a\u68b0,Food Machinery,食品机械
\u98df\u54c1\u52a0\u5de5\u7684\u526f\u4ea7\u54c1\u52a0\u5de5\u4e0e\u5229\u7528,Processing and utilization of by-products of food processing,食品加工的副产品加工与利用
\u98df\u54c1\u5de5\u4e1a\u4f01\u4e1a\u7ba1\u7406\u5b66,Food Industry Business Management,食品工业企业管理学
\u98df\u54c1\u5de5\u7a0b\u4e0e\u7cae\u6cb9\u5de5\u7a0b,Food Engineering and Grain and Oil Engineering,食品工程与粮油工程
\u98df\u54c1\u79d1\u5b66\u6280\u672f\u5176\u4ed6\u5b66\u79d1,Other disciplines in food science and technology,食品科学技术其他学科
\u571f\u6728\u5efa\u7b51\u5de5\u7a0b,Civil engineering construction,土木建筑工程
\u5efa\u7b51\u53f2,Architectural history,建筑史
\u571f\u6728\u5efa\u7b51\u5de5\u7a0b\u57fa\u7840\u5b66\u79d1,Basic discipline of civil engineering engineering,土木建筑工程基础学科
\u571f\u6728\u5efa\u7b51\u5de5\u7a0b\u6d4b\u91cf,Civil engineering construction measurement,土木建筑工程测量
\u5efa\u7b51\u6750\u6599,Building Supply Retail,建筑材料
\u5de5\u7a0b\u7ed3\u6784,STRUCTURE OF WORK UNDER,工程结构
\u571f\u6728\u5efa\u7b51\u7ed3\u6784,Civil engineering structure,土木建筑结构
\u571f\u6728\u5efa\u7b51\u5de5\u7a0b\u8bbe\u8ba1,Civil engineering design,土木建筑工程设计
\u571f\u6728\u5efa\u7b51\u5de5\u7a0b\u65bd\u5de5,Civil engineering construction,土木建筑工程施工
\u571f\u6728\u5de5\u7a0b\u673a\u68b0\u4e0e\u8bbe\u5907,Civil engineering machinery and equipment,土木工程机械与设备
\u5e02\u653f\u5de5\u7a0b,Municipal engineering,市政工程
\u5efa\u7b51\u7ecf\u6d4e\u5b66,Construction economics,建筑经济学
\u571f\u6728\u5efa\u7b51\u5de5\u7a0b\u5176\u4ed6\u5b66\u79d1,Other disciplines in civil engineering,土木建筑工程其他学科
\u6c34\u5229\u5de5\u7a0b\u57fa\u7840\u5b66\u79d1,Basic discipline of water conservancy engineering,水利工程基础学科
\u6c34\u5229\u5de5\u7a0b\u6d4b\u91cf,Water engineering measurement,水利工程测量
\u6c34\u5de5\u6750\u6599,Hydraulic materials,水工材料
\u6c34\u5de5\u7ed3\u6784,Hydraulic structure,水工结构
\u6c34\u529b\u673a\u68b0,Hydraulic machinery,水力机械
\u6c34\u5229\u5de5\u7a0b\u65bd\u5de5,Water conservancy project construction,水利工程施工
\u6c34\u5904\u7406,Water supply sewage and waste disposal,水处理
\u6cb3\u6d41\u6ce5\u6c99\u5de5\u7a0b\u5b66,River sediment engineering,河流泥沙工程学
\u73af\u5883\u6c34\u5229,Environmental water conservancy,环境水利
\u6c34\u5229\u7ba1\u7406,Water management,水利管理
\u9632\u6d2a\u5de5\u7a0b,Flood control project,防洪工程
\u6c34\u5229\u7ecf\u6d4e\u5b66,Water Economics,水利经济学
\u6c34\u5229\u5de5\u7a0b\u5176\u4ed6\u5b66\u79d1,Other disciplines of water conservancy projects,水利工程其他学科
\u4ea4\u901a\u8fd0\u8f93\u5de5\u7a0b,Transport Engineering,交通运输工程
\u9053\u8def\u5de5\u7a0b,Road works,道路工程
\u516c\u8def\u8fd0\u8f93,Highway Transportation Technology,公路运输
\u94c1\u8def\u8fd0\u8f93,Rail,铁路运输
\u6c34\u8def\u8fd0\u8f93,Water Transportation,水路运输
\u8239\u8236\u3001\u8230\u8239\u5de5\u7a0b,Ship,船舶、舰船工程
\u822a\u7a7a\u8fd0\u8f93,Airborne,航空运输
\u4ea4\u901a\u8fd0\u8f93\u7cfb\u7edf\u5de5\u7a0b,Transportation system engineering,交通运输系统工程
\u4ea4\u901a\u8fd0\u8f93\u5b89\u5168\u5de5\u7a0b,Transportation safety engineering,交通运输安全工程
\u4ea4\u901a\u8fd0\u8f93\u5de5\u7a0b\u5176\u4ed6\u5b66\u79d1,Other disciplines of transportation engineering,交通运输工程其他学科
\u822a\u7a7a\u3001\u822a\u5929\u79d1\u5b66\u6280\u672f\u57fa\u7840\u5b66\u79d1,Basic disciplines in aviation and aerospace science and technology,航空、航天科学技术基础学科
\u822a\u7a7a\u5668\u7ed3\u6784\u4e0e\u8bbe\u8ba1,Aircraft structure and design,航空器结构与设计
\u822a\u5929\u5668\u7ed3\u6784\u4e0e\u8bbe\u8ba1,Spacecraft structure and design,航天器结构与设计
\u822a\u7a7a\u3001\u822a\u5929\u63a8\u8fdb\u7cfb\u7edf,Aviation aerospace propulsion system,航空、航天推进系统
\u98de\u884c\u5668\u4eea\u8868\u3001\u8bbe\u5907,Aircraft instrumentation equipment,飞行器仪表、设备
\u98de\u884c\u5668\u63a7\u5236\u3001\u5bfc\u822a\u6280\u672f,Aircraft control navigation technology,飞行器控制、导航技术
\u822a\u7a7a\u3001\u822a\u5929\u6750\u6599,Aviation and aerospace materials,航空、航天材料
\u98de\u884c\u5668\u5236\u9020\u6280\u672f,Aircraft manufacturing technology,飞行器制造技术
\u98de\u884c\u5668\u8bd5\u9a8c\u6280\u672f,Aircraft test technology,飞行器试验技术
\u98de\u884c\u5668\u53d1\u5c04\u4e0e\u56de\u6536\u3001\u98de\u884c\u6280\u672f,Aircraft launch and recycling flight technology,飞行器发射与回收、飞行技术
\u822a\u7a7a\u822a\u5929\u5730\u9762\u8bbe\u65bd\u3001\u6280\u672f\u4fdd\u969c,Aerospace ground facilities technical support,航空航天地面设施、技术保障
\u822a\u7a7a\u3001\u822a\u5929\u7cfb\u7edf\u5de5\u7a0b,Aviation aerospace systems engineering,航空、航天系统工程
\u822a\u7a7a\u3001\u822a\u5929\u79d1\u5b66\u6280\u672f\u5176\u4ed6\u5b66\u79d1,Aviation aerospace science and technology other disciplines,航空、航天科学技术其他学科
\u73af\u5883\u79d1\u5b66\u6280\u672f\u53ca\u8d44\u6e90\u79d1\u5b66\u6280\u672f,Environmental Science and Technology and Resource Science and Technology,环境科学技术及资源科学技术
\u73af\u5883\u79d1\u5b66\u6280\u672f\u57fa\u7840\u5b66\u79d1,Basic discipline of environmental science and technology,环境科学技术基础学科
\u73af\u5883\u5b66,Environmental studies,环境学
\u73af\u5883\u5de5\u7a0b\u5b66,Environmental Engineering,环境工程学
\u73af\u5883\u79d1\u5b66\u6280\u672f\u53ca\u8d44\u6e90\u79d1\u5b66\u6280\u672f\u5176\u4ed6\u5b66\u79d1,Environmental science and technology and resources science and technology other disciplines,环境科学技术及资源科学技术其他学科
\u5b89\u5168\u79d1\u5b66\u6280\u672f,Safety science and technology,安全科学技术
\u5b89\u5168\u79d1\u5b66\u6280\u672f\u57fa\u7840\u5b66\u79d1,Basic discipline of safety science and technology,安全科学技术基础学科
\u5b89\u5168\u793e\u4f1a\u79d1\u5b66,Safety Social Science,安全社会科学
\u5b89\u5168\u7269\u8d28\u5b66,Safety material science,安全物质学
\u5b89\u5168\u4eba\u4f53\u5b66,Safe ergonomics,安全人体学
\u5b89\u5168\u7cfb\u7edf\u5b66,Safety system learning,安全系统学
\u5b89\u5168\u5de5\u7a0b\u6280\u672f\u79d1\u5b66,Safety Engineering Technology Science,安全工程技术科学
\u5b89\u5168\u536b\u751f\u5de5\u7a0b\u6280\u672f,Safety and sanitary engineering technology,安全卫生工程技术
\u5b89\u5168\u793e\u4f1a\u5de5\u7a0b,Safety social engineering,安全社会工程
\u90e8\u95e8\u5b89\u5168\u5de5\u7a0b\u7406\u8bba,Departmental safety engineering theory,部门安全工程理论
\u516c\u5171\u5b89\u5168,Public Safety,公共安全
\u5b89\u5168\u79d1\u5b66\u6280\u672f\u5176\u4ed6\u5b66\u79d1,Safety science and technology other disciplines,安全科学技术其他学科
\u7ba1\u7406\u601d\u60f3\u53f2,Management history,管理思想史
\u7ba1\u7406\u7406\u8bba,Management theory,管理理论
\u7ba1\u7406\u8ba1\u91cf\u5b66,Management metrology,管理计量学
\u90e8\u95e8\u7ecf\u6d4e\u7ba1\u7406,Departmental economic management,部门经济管理
\u533a\u57df\u7ecf\u6d4e\u7ba1\u7406,Regional economic management,区域经济管理
\u79d1\u5b66\u5b66\u4e0e\u79d1\u6280\u7ba1\u7406,Science and technology management,科学学与科技管理
\u516c\u5171\u7ba1\u7406,Public Administration,公共管理
\u7ba1\u7406\u5de5\u7a0b,Management engineering,管理工程
\u4eba\u529b\u8d44\u6e90\u5f00\u53d1\u4e0e\u7ba1\u7406,Human resource development and management,人力资源开发与管理
\u672a\u6765\u5b66,Technology Future,未来学
\u7ba1\u7406\u5b66\u5176\u4ed6\u5b66\u79d1,Management of other disciplines,管理学其他学科
\u9a6c\u514b\u601d\u4e3b\u4e49,Marxist,马克思主义
\u9a6c\u3001\u6069\u3001\u5217\u3001\u65af\u601d\u60f3\u7814\u7a76,Ma En Lie and Si thought research,马、恩、列、斯思想研究
\u6bdb\u6cfd\u4e1c\u601d\u60f3\u7814\u7a76,Mao Zedong Thought Research,毛泽东思想研究
\u9a6c\u514b\u601d\u4e3b\u4e49\u601d\u60f3\u53f2,History of Marxist thought,马克思主义思想史
\u79d1\u5b66\u793e\u4f1a\u4e3b\u4e49,science communism,科学社会主义
\u793e\u4f1a\u4e3b\u4e49\u8fd0\u52a8\u53f2,History of socialist movements,社会主义运动史
\u56fd\u5916\u9a6c\u514b\u601d\u4e3b\u4e49\u7814\u7a76,Foreign Marxist studies,国外马克思主义研究
\u9a6c\u514b\u601d\u4e3b\u4e49\u5176\u4ed6\u5b66\u79d1,Other disciplines of Marxism,马克思主义其他学科
\u9a6c\u514b\u601d\u4e3b\u4e49\u54f2\u5b66,Marxist Philosophy,马克思主义哲学
\u81ea\u7136\u8fa9\u8bc1\u6cd5,Dialectics of nature,自然辩证法
\u4e2d\u56fd\u54f2\u5b66\u53f2,History of Chinese philosophy,中国哲学史
\u4e1c\u65b9\u54f2\u5b66\u53f2,History of Eastern Philosophy,东方哲学史
\u897f\u65b9\u54f2\u5b66\u53f2,F,西方哲学史
\u73b0\u4ee3\u5916\u56fd\u54f2\u5b66,Modern foreign philosophy,现代外国哲学
\u903b\u8f91\u5b66,logic,逻辑学
\u4f26\u7406\u5b66,Ethics,伦理学
\u7f8e\u5b66,numbers score percent a plus perfect school quiz score test exam 100 full office,美学
\u54f2\u5b66\u5176\u4ed6\u5b66\u79d1,Other disciplines of philosophy,哲学其他学科
\u5b97\u6559\u5b66,Religious Studies,宗教学
\u5b97\u6559\u5b66\u7406\u8bba,Religious theory,宗教学理论
\u65e0\u795e\u8bba,atheist,无神论
\u539f\u59cb\u5b97\u6559,Primitive religion,原始宗教
\u53e4\u4ee3\u5b97\u6559,Ancient religion,古代宗教
\u4f5b\u6559,buddhist religion symbol,佛教
\u57fa\u7763\u6559,Christian Rap,基督教
\u4f0a\u65af\u5170\u6559,islam muslim religion symbol,伊斯兰教
\u9053\u6559,religion sign symbol tao taoist,道教
\u5370\u5ea6\u6559,hinduism sound spiritual icon dharmic buddhism jainism meditate hindu religion,印度教
\u72b9\u592a\u6559,synagogue,犹太教
\u8884\u6559,Martyrdom,袄教
\u6469\u5c3c\u6559,Manichean,摩尼教
\u9521\u514b\u6559,Gurmukhi Ura,锡克教
\u8006\u90a3\u6559,hinduism sound spiritual icon dharmic buddhism jainism meditate hindu religion,耆那教
\u795e\u9053\u6559,Shinto,神道教
\u4e2d\u56fd\u6c11\u95f4\u5b97\u6559\u4e0e\u6c11\u95f4\u4fe1\u4ef0,Chinese folk religion and folk beliefs,中国民间宗教与民间信仰
\u4e2d\u56fd\u5c11\u6570\u6c11\u65cf\u5b97\u6559,Chinese minority religion,中国少数民族宗教
\u5f53\u4ee3\u5b97\u6559,Contemporary religion,当代宗教
\u5b97\u6559\u5b66\u5176\u4ed6\u5b66\u79d1,Other disciplines of religion,宗教学其他学科
\u8bed\u8a00\u5b66,Receptive language,语言学
\u666e\u901a\u8bed\u8a00\u5b66,General linguistics,普通语言学
\u6bd4\u8f83\u8bed\u8a00\u5b66,Comparative linguistics,比较语言学
\u8bed\u8a00\u5730\u7406\u5b66,Language Geography,语言地理学
\u793e\u4f1a\u8bed\u8a00\u5b66,Sociolinguistics,社会语言学
\u5fc3\u7406\u8bed\u8a00\u5b66,Psycholinguistics,心理语言学
\u5e94\u7528\u8bed\u8a00\u5b66,Applied Linguistics,应用语言学
\u6c49\u8bed\u7814\u7a76,Chinese studies,汉语研究
\u4e2d\u56fd\u5c11\u6570\u6c11\u65cf\u8bed\u8a00\u6587\u5b57,Chinese minority language,中国少数民族语言文字
\u5916\u56fd\u8bed\u8a00,Foreign language,外国语言
\u8bed\u8a00\u5b66\u5176\u4ed6\u5b66\u79d1,Linguistics in other disciplines,语言学其他学科
\u6587\u5b66\u7406\u8bba,Literary theory,文学理论
\u6587\u827a\u7f8e\u5b66,Literary aesthetics,文艺美学
\u6587\u5b66\u6279\u8bc4,Literary criticism,文学批评
\u6bd4\u8f83\u6587\u5b66,Comparative literature,比较文学
\u4e2d\u56fd\u53e4\u4ee3\u6587\u5b66,Ancient Chinese Literature,中国古代文学
\u4e2d\u56fd\u8fd1\u4ee3\u6587\u5b66,Chinese modern literature,中国近代文学
\u4e2d\u56fd\u73b0\u4ee3\u6587\u5b66,Chinese modern literature,中国现代文学
\u4e2d\u56fd\u5404\u4f53\u6587\u5b66,Chinese literature,中国各体文学
\u4e2d\u56fd\u6c11\u95f4\u6587\u5b66,Chinese folk literature,中国民间文学
\u4e2d\u56fd\u513f\u7ae5\u6587\u5b66,Chinese Childrens Literature,中国儿童文学
\u4e2d\u56fd\u5c11\u6570\u6c11\u65cf\u6587\u5b66,Chinese minority literature,中国少数民族文学
\u4e16\u754c\u6587\u5b66\u53f2,History of world literature,世界文学史
\u4e1c\u65b9\u6587\u5b66,Oriental literature,东方文学
\u4fc4\u56fd\u6587\u5b66,Russian literature,俄国文学
\u82f1\u56fd\u6587\u5b66,British literature,英国文学
\u6cd5\u56fd\u6587\u5b66,French literature,法国文学
\u5fb7\u56fd\u6587\u5b66,German literature,德国文学
\u610f\u5927\u5229\u6587\u5b66,Italian literature,意大利文学
\u7f8e\u56fd\u6587\u5b66,American literature,美国文学
\u5317\u6b27\u6587\u5b66,Nordic literature,北欧文学
\u4e1c\u6b27\u6587\u5b66,Eastern European literature,东欧文学
\u62c9\u7f8e\u6587\u5b66,Latin American literature,拉美文学
\u975e\u6d32\u6587\u5b66,African literature,非洲文学
\u5927\u6d0b\u6d32\u6587\u5b66,Oceania literature,大洋洲文学
\u827a\u672f\u5fc3\u7406\u5b66,ART PSYCHOLOGY,艺术心理学
\u97f3\u4e50,Music,音乐
\u620f\u5267,DRAMA,戏剧
\u620f\u66f2,drama,戏曲
\u821e\u8e48,Dance,舞蹈
\u7535\u5f71,Movies,电影
\u5e7f\u64ad\u7535\u89c6\u6587\u827a,Radio and television literature,广播电视文艺
\u7f8e\u672f,Gallery,美术
\u5de5\u827a\u7f8e\u672f,Arts and Crafts,工艺美术
\u4e66\u6cd5,Calligraphy,书法
\u827a\u672f\u5b66\u5176\u4ed6\u5b66\u79d1,Other disciplines of art,艺术学其他学科
\u5386\u53f2\u5b66,Refinery Process Historian,历史学
\u53f2\u5b66\u53f2,History of history,史学史
\u53f2\u5b66\u7406\u8bba,Historiography theory,史学理论
\u5386\u53f2\u6587\u732e\u5b66,Historical philology,历史文献学
\u4e2d\u56fd\u901a\u53f2,Chinese history,中国通史
\u4e2d\u56fd\u53e4\u4ee3\u53f2,ancient Chinese history,中国古代史
\u4e2d\u56fd\u8fd1\u4ee3\u53f2\u3001\u73b0\u4ee3\u53f2,Modern Chinese history modern history,中国近代史、现代史
\u4e16\u754c\u901a\u53f2,World history,世界通史
\u4e9a\u6d32\u53f2,Asian history,亚洲史
\u975e\u6d32\u53f2,African history,非洲史
\u7f8e\u6d32\u53f2,American history,美洲史
\u6b27\u6d32\u53f2,European history,欧洲史
\u6fb3\u6d32\u3001\u5927\u6d0b\u6d32\u53f2,Australia Oceania history,澳洲、大洋洲史
\u4e13\u95e8\u53f2,Special history,专门史
\u5386\u53f2\u5b66\u5176\u4ed6\u5b66\u79d1,History of other disciplines,历史学其他学科
\u8003\u53e4\u7406\u8bba,Archaeological theory,考古理论
\u8003\u53e4\u5b66\u53f2,History of archaeology,考古学史
\u8003\u53e4\u6280\u672f,Archaeological technology,考古技术
\u4e2d\u56fd\u8003\u53e4,Chinese archaeology,中国考古
\u5916\u56fd\u8003\u53e4,Foreign archaeology,外国考古
\u4e13\u95e8\u8003\u53e4,Specialized archaeology,专门考古
\u653f\u6cbb\u7ecf\u6d4e\u5b66,Political economy,政治经济学
\u5b8f\u89c2\u7ecf\u6d4e\u5b66,Macroeconomics,宏观经济学
\u5fae\u89c2\u7ecf\u6d4e\u5b66,Microeconomics,微观经济学
\u6bd4\u8f83\u7ecf\u6d4e\u5b66,Comparative economics,比较经济学
\u7ecf\u6d4e\u5730\u7406\u5b66,Economic geography,经济地理学
\u751f\u4ea7\u529b\u7ecf\u6d4e\u5b66,Productivity Economics,生产力经济学
\u7ecf\u6d4e\u601d\u60f3\u53f2,History of economic thought,经济思想史
\u7ecf\u6d4e\u53f2,Economic history,经济史
\u4e16\u754c\u7ecf\u6d4e\u5b66,World Economics,世界经济学
\u56fd\u6c11\u7ecf\u6d4e\u5b66,National Economics,国民经济学
\u7ba1\u7406\u7ecf\u6d4e\u5b66,Management Economics,管理经济学
\u6570\u91cf\u7ecf\u6d4e\u5b66,quantitative Economics,数量经济学
\u4f1a\u8ba1\u5b66,Accountancy,会计学
\u5ba1\u8ba1\u5b66,Audit,审计学
\u6280\u672f\u7ecf\u6d4e\u5b66,Technical economics,技术经济学
\u751f\u6001\u7ecf\u6d4e\u5b66,Ecological economics,生态经济学
\u52b3\u52a8\u7ecf\u6d4e\u5b66,Labor Economics,劳动经济学
\u57ce\u5e02\u7ecf\u6d4e\u5b66,Urban economics,城市经济学
\u8d44\u6e90\u7ecf\u6d4e\u5b66,Resource Economics,资源经济学
\u73af\u5883\u7ecf\u6d4e\u5b66,Environmental economics,环境经济学
\u7269\u6d41\u7ecf\u6d4e\u5b66,Logistics Economics,物流经济学
\u5de5\u4e1a\u7ecf\u6d4e\u5b66,Industrial economics,工业经济学
\u519c\u6751\u7ecf\u6d4e\u5b66,Rural economics,农村经济学
\u519c\u4e1a\u7ecf\u6d4e\u5b66,Agricultural economics,农业经济学
\u4ea4\u901a\u8fd0\u8f93\u7ecf\u6d4e\u5b66,Transportation Economics,交通运输经济学
\u5546\u4e1a\u7ecf\u6d4e\u5b66,Business economics,商业经济学
\u4ef7\u683c\u5b66,Price learning,价格学
\u65c5\u6e38\u7ecf\u6d4e\u5b66,Tourism Economics,旅游经济学
\u4fe1\u606f\u7ecf\u6d4e\u5b66,Information Economics,信息经济学
\u8d22\u653f\u5b66,Public finance,财政学
\u91d1\u878d\u5b66,Finance,金融学
\u4fdd\u9669\u5b66,Insurance,保险学
\u56fd\u9632\u7ecf\u6d4e\u5b66,National Defense Economics,国防经济学
\u7ecf\u6d4e\u5b66\u5176\u4ed6\u5b66\u79d1,Other disciplines of economics,经济学其他学科
\u653f\u6cbb\u5b66,Political science,政治学
\u653f\u6cbb\u5b66\u7406\u8bba,Political theory,政治学理论
\u653f\u6cbb\u5236\u5ea6,policy,政治制度
\u884c\u653f\u5b66,Administration,行政学
\u56fd\u9645\u653f\u6cbb\u5b66,International Politics,国际政治学
\u653f\u6cbb\u5b66\u5176\u4ed6\u5b66\u79d1,Other disciplines of political science,政治学其他学科
\u6cd5\u5b66,doctor jd juris degree school lawyer legal,法学
\u7406\u8bba\u6cd5\u5b66,Theoretical law,理论法学
\u6cd5\u5f8b\u53f2\u5b66,Legal history,法律史学
\u90e8\u95e8\u6cd5\u5b66,Departmental law,部门法学
\u56fd\u9645\u6cd5\u5b66,International law,国际法学
\u6cd5\u5b66\u5176\u4ed6\u5b66\u79d1,Other disciplines of law,法学其他学科
\u519b\u4e8b\u5b66,Military science,军事学
\u519b\u4e8b\u7406\u8bba,Military theory,军事理论
\u519b\u4e8b\u53f2,Military history,军事史
\u519b\u4e8b\u5fc3\u7406\u5b66,Military psychology,军事心理学
\u6218\u7565\u5b66,Strategy,战略学
\u6218\u5f79\u5b66,Battle school,战役学
\u6218\u672f\u5b66,Tactics,战术学
\u519b\u961f\u6307\u6325\u5b66,Army commander,军队指挥学
\u519b\u5236\u5b66,Military system,军制学
\u519b\u961f\u653f\u6cbb\u5de5\u4f5c\u5b66,Army political work school,军队政治工作学
\u519b\u4e8b\u540e\u52e4\u5b66,Military logistics,军事后勤学
\u519b\u4e8b\u5730\u5b66,Military geology,军事地学
\u519b\u4e8b\u6280\u672f,defense-technology,军事技术
\u519b\u4e8b\u5b66\u5176\u4ed6\u5b66\u79d1,Other disciplines in military science,军事学其他学科
\u793e\u4f1a\u5b66\u7406\u8bba,Sociological theory,社会学理论
\u793e\u4f1a\u5b66\u65b9\u6cd5,Sociological methods,社会学方法
\u5b9e\u9a8c\u793e\u4f1a\u5b66,Experimental sociology,实验社会学
\u6570\u7406\u793e\u4f1a\u5b66,Mathematical sociology,数理社会学
\u5e94\u7528\u793e\u4f1a\u5b66,Applied Sociology,应用社会学
\u6bd4\u8f83\u793e\u4f1a\u5b66,Comparative sociology,比较社会学
\u793e\u4f1a\u5730\u7406\u5b66,Social geography,社会地理学
\u6587\u5316\u793e\u4f1a\u5b66,Cultural sociology,文化社会学
\u5386\u53f2\u793e\u4f1a\u5b66,Historical sociology,历史社会学
\u7ecf\u6d4e\u793e\u4f1a\u5b66,Economic sociology,经济社会学
\u519b\u4e8b\u793e\u4f1a\u5b66,Military sociology,军事社会学
\u516c\u5171\u5173\u7cfb\u5b66,Public relations,公共关系学
\u793e\u4f1a\u4eba\u7c7b\u5b66,Social anthropology,社会人类学
\u7ec4\u7ec7\u793e\u4f1a\u5b66,Organizational sociology,组织社会学
\u53d1\u5c55\u793e\u4f1a\u5b66,Develop sociology,发展社会学
\u798f\u5229\u793e\u4f1a\u5b66,Welfare sociology,福利社会学
\u4eba\u53e3\u5b66,Demography,人口学
\u52b3\u52a8\u79d1\u5b66,Labor science,劳动科学
\u793e\u4f1a\u5b66\u5176\u4ed6\u5b66\u79d1,Other disciplines of sociology,社会学其他学科
\u6c11\u65cf\u95ee\u9898\u7406\u8bba,Theory of ethnic issues,民族问题理论
\u6c11\u65cf\u53f2\u5b66,National history,民族史学
\u8499\u53e4\u5b66,Mongolian studies,蒙古学
\u85cf\u5b66,Tibetan studies,藏学
\u65b0\u7586\u6c11\u65cf\u7814\u7a76,Xinjiang ethnic studies,新疆民族研究
\u6587\u5316\u4eba\u7c7b\u5b66\u4e0e\u6c11\u4fd7\u5b66,Cultural anthropology and folklore,文化人类学与民俗学
\u836f\u5b66,Pharmacy,药学
\u4f01\u4e1a\u7ba1\u7406,Corporate Administration,工程与技术科学基础学科
\u5de5\u7a0b\u4e0e\u6280\u672f\u79d1\u5b66\u57fa\u7840\u5b66\u79d1,Basic disciplines in engineering and technology science,信息与系统科学相关工程与技术
\u4fe1\u606f\u4e0e\u7cfb\u7edf\u79d1\u5b66\u76f8\u5173\u5de5\u7a0b\u4e0e\u6280\u672f,Information and systems science related engineering and technology,企业管理
\u7ba1\u7406\u5b66,Management,管理学
\u519b\u4e8b\u533b\u5b66,Military medicine,军事医学
\u7279\u79cd\u533b\u5b66,Special Medicine,特种医学
\u8003\u53e4\u5b66,Archaeology,考古学
\u5316\u5b66,Chemistry,化学
\u51e0\u4f55\u5b66,Geometry,几何学
\u4e2d\u836f\u5b66,Science of chinese materia medica,中药学
\u7535\u6c14\u5de5\u7a0b,Electric Engineering,电气工程
\u901a\u4fe1\u6280\u672f,Communication Technology,通信技术
\u6587\u5b66,Literature,文学
\u673a\u68b0\u5de5\u7a0b,Mechanical Engineering,机械工程
Click to add,Click to add,点击添加
The default,The default,默认
default,default,默认
\u4e2d\u533b\u5b66,Traditional Chinese Medicine,中医学
We have sent a confirmation email to you you can login after confirming it (Didnt you get the email? check it in spam),We have sent a confirmation email to you you can login after confirming it (Didnt you get the email? check it in spam),我们已经给你的邮箱发送验证信息了 点击邮箱里的确认链接然后就可以登录了(没有找到?可能是被系统拦截了  看看垃圾箱)
From,From,来自
By,By,属于
Send a email,Send a email,通过电子邮件联系ta
Address,Address,现居地
Hometown,Hometown,原居地
Mail to the author,Mail to the author,给作者发个邮件
Ad,Ad,广告
Become our advertiser,Become our advertiser,成为我们的广告用户
Our advertisers,Our advertisers,我们的广告商
Business address,Business address,经营地址
Store name,Store name,店铺名
Select license image files,Select license image files,选择执照文件
Upload license images,Upload license images,上传执照照片
Store icon,Store icon,店铺图标
The size of file should be not more than,The size of file should be not more than ,照片的大小不能大于  
Click to delete,Click to delete,点击删除
Click to uplod store icon,Click to uplod store icon,点击上传图标
Click image to uplod store icon,Click image to uplod store icon,点击图片上传图标
Click image to select store icon,Click image to select store icon,点击图片选择图标
Click to select store icon,Click to select store icon,点击选择图标
Image count,Image count,照片数
Introduction,Introduction,简介
The default image is disabled,The default image is disabled,默认图片不可用
The store icon is repeated,The store icon is repeated,图标重复了
The license photo is repeated,The license photo is repeated,执照照片重复了
Related files,Related files,相关的文件
you got from the administrator,you got from the administrator,你从管理员那里获得
The -related files- you got from the administrator,The -related files- you got from the administrator,你从管理员那里获取的相关文件
The extension of the file can only be,The extension of the file can only be ,文件的格式只能是 
Date of registering,Date of registering,注册日期
Registrant,Registrant,注册人
English (United States),English(United States),English(United States)
Chinese (Simplified),中文(简体),中文(简体)
It will be deleted when you save cancel by clicking again,It will be deleted when you save cancel by clicking again,保存的时候它会被删除 再次点击可以取消
hid his information,hid his information,隐藏了ta的信息
Articles and videos,Articles and videos,文章和视频
iStorage,iStorage,存储
Folder,Folder,文件夹
Files,Files,文件
New directory,New directory,新目录
Create a directory,Create a directory,新目录
Uploaded,Uploaded,已上传
Processing,Processing,处理
All files is uploaded successfully,All files is uploaded successfully,文件上传成功
My sets,My sets,我的
Video and article set,Video and article set,标签
